seed,school_common_name,site,year,id,school_full_name,team,city,state,type,conference,address,lat,lng,geometry,distance
,,"Columbia, SC",,20190,,,,,,,"Columbia, SC",-81.03433129999999,34.000749299999995,POINT (34.0007493 -81.03433129999999),179.76568496216188
,,"Salt Lake City, UT",,20191,,,,,,,"Salt Lake City, UT",-111.88679750000001,40.759619799999996,POINT (40.7596198 -111.8867975),549.3802643006065
,,"Columbus, OH",,20192,,,,,,,"Columbus, OH",-83.00070649999999,39.9622601,POINT (39.9622601 -83.00070649999999),352.05289272667414
,,"Columbia, SC",,20193,,,,,,,"Columbia, SC",-81.03433129999999,34.000749299999995,POINT (34.0007493 -81.03433129999999),296.2370232723774
,,"Des Moines, IA",,20194,,,,,,,"Des Moines, IA",-93.60371490000001,41.5910641,POINT (41.5910641 -93.60371490000001),571.4846270796257
,,"Des Moines, IA",,20195,,,,,,,"Des Moines, IA",-93.60371490000001,41.5910641,POINT (41.5910641 -93.60371490000001),616.4469337294257
,,"Jacksonville, FL",,20196,,,,,,,"Jacksonville, FL",-81.655651,30.3321838,POINT (30.3321838 -81.65565100000001),509.9686235419853
,,"Columbus, OH",,20197,,,,,,,"Columbus, OH",-83.00070649999999,39.9622601,POINT (39.9622601 -83.00070649999999),255.86105866165448
,,"Jacksonville, FL",,20198,,,,,,,"Jacksonville, FL",-81.655651,30.3321838,POINT (30.3321838 -81.65565100000001),592.3306578855246
,,"Tulsa, OK",,20199,,,,,,,"Tulsa, OK",-95.9929113,36.1556805,POINT (36.1556805 -95.9929113),400.1462591052398
,,"Tulsa, OK",,201910,,,,,,,"Tulsa, OK",-95.9929113,36.1556805,POINT (36.1556805 -95.9929113),401.9589937496162
,,"Hartford, CT",,201911,,,,,,,"Hartford, CT",-72.6908547,41.764582,POINT (41.764582 -72.6908547),888.4590457170598
,,"San Jose, CA",,201912,,,,,,,"San Jose, CA",-121.89058329999999,37.3361905,POINT (37.3361905 -121.8905833),2577.0866685130677
,,"Hartford, CT",,201913,,,,,,,"Hartford, CT",-72.6908547,41.764582,POINT (41.764582 -72.6908547),1007.7308678549208
,,"Salt Lake City, UT",,201914,,,,,,,"Salt Lake City, UT",-111.88679750000001,40.759619799999996,POINT (40.7596198 -111.8867975),1040.1673956607126
,,"San Jose, CA",,201915,,,,,,,"San Jose, CA",-121.89058329999999,37.3361905,POINT (37.3361905 -121.8905833),1576.8386110379208
,,"Pittsburgh, PA",,201816,,,,,,,"Pittsburgh, PA",-79.99008609999998,40.4416941,POINT (40.4416941 -79.99008609999998),290.0928240228123
,,"Wichita, KS",,201817,,,,,,,"Wichita, KS",-97.3375448,37.6922361,POINT (37.6922361 -97.3375448),151.84993570343457
,,"Nashville, TN",,201818,,,,,,,"Nashville, TN",-86.7743531,36.1622296,POINT (36.1622296 -86.7743531),234.5367633048116
,,"Charlotte, NC",,201819,,,,,,,"Charlotte, NC",-80.8431268,35.2270869,POINT (35.2270869 -80.84312679999999),227.36289571355255
,,"Detroit, MI",,201820,,,,,,,"Detroit, MI",-83.04664029999999,42.331550899999996,POINT (42.3315509 -83.04664029999999),268.3406569945605
,,"Pittsburgh, PA",,201821,,,,,,,"Pittsburgh, PA",-79.99008609999998,40.4416941,POINT (40.4416941 -79.99008609999998),283.59304194708926
,,"Charlotte, NC",,201822,,,,,,,"Charlotte, NC",-80.8431268,35.2270869,POINT (35.2270869 -80.84312679999999),119.27341381584134
,,"Nashville, TN",,201823,,,,,,,"Nashville, TN",-86.7743531,36.1622296,POINT (36.1622296 -86.7743531),231.8792633695019
,,"Dallas, TX",,201824,,,,,,,"Dallas, TX",-96.7968559,32.7762719,POINT (32.7762719 -96.7968559),321.18127519557834
,,"Detroit, MI",,201825,,,,,,,"Detroit, MI",-83.04664029999999,42.331550899999996,POINT (42.3315509 -83.04664029999999),92.14898387950431
,,"Wichita, KS",,201826,,,,,,,"Wichita, KS",-97.3375448,37.6922361,POINT (37.6922361 -97.3375448),893.9447565413147
,,"Dallas, TX",,201827,,,,,,,"Dallas, TX",-96.7968559,32.7762719,POINT (32.7762719 -96.7968559),823.6487878585596
,,"San Diego, CA",,201828,,,,,,,"San Diego, CA",-117.16277140000001,32.7174209,POINT (32.7174209 -117.1627714),1273.4167397651017
,,"San Diego, CA",,201829,,,,,,,"San Diego, CA",-117.16277140000001,32.7174209,POINT (32.7174209 -117.1627714),1968.1189467069114
,,"Boise, ID",,201830,,,,,,,"Boise, ID",-116.20088600000001,43.6166163,POINT (43.6166163 -116.200886),262.57110478761405
,,"Boise, ID",,201831,,,,,,,"Boise, ID",-116.20088600000001,43.6166163,POINT (43.6166163 -116.200886),778.6756782476002
,,"Buffalo, NY",,201732,,,,,,,"Buffalo, NY",-78.87839220000001,42.8867166,POINT (42.8867166 -78.87839220000001),282.4047974154624
,,"Tulsa, OK",,201733,,,,,,,"Tulsa, OK",-95.9929113,36.1556805,POINT (36.1556805 -95.9929113),180.22100371688072
,,"Greenville, SC",,201734,,,,,,,"Greenville, SC",-82.3984882,34.851354,POINT (34.851354 -82.3984882),218.30340668509675
,,"Salt Lake City, UT",,201735,,,,,,,"Salt Lake City, UT",-111.88679750000001,40.759619799999996,POINT (40.7596198 -111.8867975),549.3802643006065
,,"Greenville, SC",,201736,,,,,,,"Greenville, SC",-82.3984882,34.851354,POINT (34.851354 -82.3984882),226.24494515728276
,,"Indianapolis, IN",,201737,,,,,,,"Indianapolis, IN",-86.1583502,39.7683331,POINT (39.7683331 -86.1583502),99.60114145862228
,,"Indianapolis, IN",,201738,,,,,,,"Indianapolis, IN",-86.1583502,39.7683331,POINT (39.7683331 -86.1583502),149.2422493392192
,,"Salt Lake City, UT",,201739,,,,,,,"Salt Lake City, UT",-111.88679750000001,40.759619799999996,POINT (40.7596198 -111.8867975),533.2028596268094
,,"Tulsa, OK",,201740,,,,,,,"Tulsa, OK",-95.9929113,36.1556805,POINT (36.1556805 -95.9929113),294.52230713076517
,,"Sacramento, CA",,201741,,,,,,,"Sacramento, CA",-121.49439960000001,38.5815719,POINT (38.5815719 -121.4943996),353.4663783712392
,,"Sacramento, CA",,201742,,,,,,,"Sacramento, CA",-121.49439960000001,38.5815719,POINT (38.5815719 -121.4943996),338.3307016780558
,,"Orlando, FL",,201743,,,,,,,"Orlando, FL",-81.3790304,28.5421109,POINT (28.5421109 -81.3790304),216.44306957531975
,,"Orlando, FL",,201744,,,,,,,"Orlando, FL",-81.3790304,28.5421109,POINT (28.5421109 -81.3790304),90.71916673175981
,,"Milwaukee, WI",,201745,,,,,,,"Milwaukee, WI",-87.92249699999999,43.0349931,POINT (43.0349931 -87.92249699999999),173.2755621704086
,,"Milwaukee, WI",,201746,,,,,,,"Milwaukee, WI",-87.92249699999999,43.0349931,POINT (43.0349931 -87.92249699999999),226.32907752444572
,,"Buffalo, NY",,201747,,,,,,,"Buffalo, NY",-78.87839220000001,42.8867166,POINT (42.8867166 -78.87839220000001),212.56408292213047
,,"Raleigh, NC",,201648,,,,,,,"Raleigh, NC",-78.63909890000001,35.7803977,POINT (35.7803977 -78.63909890000001),26.55305978252759
,,"Des Moines, IA",,201649,,,,,,,"Des Moines, IA",-93.60371490000001,41.5910641,POINT (41.5910641 -93.60371490000001),192.92243757930265
,,"Spokane, WA",,201650,,,,,,,"Spokane, WA",-117.42122649999999,47.6579425,POINT (47.6579425 -117.4212265),417.12373172967
,,"Raleigh, NC",,201651,,,,,,,"Raleigh, NC",-78.63909890000001,35.7803977,POINT (35.7803977 -78.63909890000001),140.74606276835104
,,"St. Louis, MO",,201652,,,,,,,"St. Louis, MO",-90.24111656024635,38.6529545,POINT (38.6529545 -90.24111656024635),359.9603562167343
,,"Brooklyn, NY",,201653,,,,,,,"Brooklyn, NY",-73.9495823,40.6501038,POINT (40.6501038 -73.9495823),94.48474191080811
,,"Oklahoma City, OK",,201654,,,,,,,"Oklahoma City, OK",-97.5170536,35.4729886,POINT (35.4729886 -97.5170536),17.777579432529297
,,"St. Louis, MO",,201655,,,,,,,"St. Louis, MO",-90.24111656024635,38.6529545,POINT (38.6529545 -90.24111656024635),438.34190059626866
,,"Brooklyn, NY",,201656,,,,,,,"Brooklyn, NY",-73.9495823,40.6501038,POINT (40.6501038 -73.9495823),380.00671942416506
,,"Providence, RI",,201657,,,,,,,"Providence, RI",-71.4128343,41.8239891,POINT (41.8239891 -71.4128343),1142.6712074581924
,,"Oklahoma City, OK",,201658,,,,,,,"Oklahoma City, OK",-97.5170536,35.4729886,POINT (35.4729886 -97.5170536),315.9272271941873
,,"Denver, CO",,201659,,,,,,,"Denver, CO",-104.9653271,39.7348381,POINT (39.7348381 -104.9653271),431.82171332112887
,,"Des Moines, IA",,201660,,,,,,,"Des Moines, IA",-93.60371490000001,41.5910641,POINT (41.5910641 -93.60371490000001),607.3344007999646
,,"Spokane, WA",,201661,,,,,,,"Spokane, WA",-117.42122649999999,47.6579425,POINT (47.6579425 -117.4212265),677.7420177731692
,,"Providence, RI",,201662,,,,,,,"Providence, RI",-71.4128343,41.8239891,POINT (41.8239891 -71.4128343),591.6997622064831
,,"Denver, CO",,201663,,,,,,,"Denver, CO",-104.9653271,39.7348381,POINT (39.7348381 -104.9653271),717.8735995219198
,,"Pittsburgh, PA",,201564,,,,,,,"Pittsburgh, PA",-79.99008609999998,40.4416941,POINT (40.4416941 -79.99008609999998),290.0928240228123
,,"Louisville, KY",,201565,,,,,,,"Louisville, KY",-85.759407,38.254237599999996,POINT (38.2542376 -85.759407),79.24139026013833
,,"Charlotte, NC",,201566,,,,,,,"Charlotte, NC",-80.8431268,35.2270869,POINT (35.2270869 -80.84312679999999),127.4226595727384
,,"Omaha, NE",,201567,,,,,,,"Omaha, NE",-95.93837579999999,41.258745899999994,POINT (41.25874589999999 -95.93837579999999),421.3196032866717
,,"Charlotte, NC",,201568,,,,,,,"Charlotte, NC",-80.8431268,35.2270869,POINT (35.2270869 -80.84312679999999),227.36289571355255
,,"Omaha, NE",,201569,,,,,,,"Omaha, NE",-95.93837579999999,41.258745899999994,POINT (41.25874589999999 -95.93837579999999),149.29205440646493
,,"Seattle, WA",,201570,,,,,,,"Seattle, WA",-122.3300624,47.6038321,POINT (47.6038321 -122.3300624),306.24115061816065
,,"Portland, OR",,201571,,,,,,,"Portland, OR",-122.6741949,45.5202471,POINT (45.5202471 -122.6741949),1100.413773332983
,,"Columbus, OH",,201572,,,,,,,"Columbus, OH",-83.00070649999999,39.9622601,POINT (39.9622601 -83.00070649999999),945.3716477413094
,,"Pittsburgh, PA",,201573,,,,,,,"Pittsburgh, PA",-79.99008609999998,40.4416941,POINT (40.4416941 -79.99008609999998),396.17667810640705
,,"Louisville, KY",,201574,,,,,,,"Louisville, KY",-85.759407,38.254237599999996,POINT (38.2542376 -85.759407),543.3010769158856
,,"Jacksonville, FL",,201575,,,,,,,"Jacksonville, FL",-81.655651,30.3321838,POINT (30.3321838 -81.65565100000001),963.49167152504
,,"Seattle, WA",,201576,,,,,,,"Seattle, WA",-122.3300624,47.6038321,POINT (47.6038321 -122.3300624),2346.692346027221
,,"Columbus, OH",,201577,,,,,,,"Columbus, OH",-83.00070649999999,39.9622601,POINT (39.9622601 -83.00070649999999),381.09688700730567
,,"Portland, OR",,201578,,,,,,,"Portland, OR",-122.6741949,45.5202471,POINT (45.5202471 -122.6741949),2863.66665002988
,,"Jacksonville, FL",,201579,,,,,,,"Jacksonville, FL",-81.655651,30.3321838,POINT (30.3321838 -81.65565100000001),382.403334689149
,,"St. Louis, MO",,201480,,,,,,,"St. Louis, MO",-90.24111656024635,38.6529545,POINT (38.6529545 -90.24111656024635),442.1262870799935
,,"Orlando, FL",,201481,,,,,,,"Orlando, FL",-81.3790304,28.5421109,POINT (28.5421109 -81.3790304),90.71916673175981
,,"Raleigh, NC",,201482,,,,,,,"Raleigh, NC",-78.63909890000001,35.7803977,POINT (35.7803977 -78.63909890000001),140.74606276835104
,,"San Diego, CA",,201483,,,,,,,"San Diego, CA",-117.16277140000001,32.7174209,POINT (32.7174209 -117.1627714),385.65302915738835
,,"Milwaukee, WI",,201484,,,,,,,"Milwaukee, WI",-87.92249699999999,43.0349931,POINT (43.0349931 -87.92249699999999),265.82328881792245
,,"St. Louis, MO",,201485,,,,,,,"St. Louis, MO",-90.24111656024635,38.6529545,POINT (38.6529545 -90.24111656024635),311.7415540847669
,,"Buffalo, NY",,201486,,,,,,,"Buffalo, NY",-78.87839220000001,42.8867166,POINT (42.8867166 -78.87839220000001),282.4047974154624
,,"Milwaukee, WI",,201487,,,,,,,"Milwaukee, WI",-87.92249699999999,43.0349931,POINT (43.0349931 -87.92249699999999),92.22294542079756
,,"Raleigh, NC",,201488,,,,,,,"Raleigh, NC",-78.63909890000001,35.7803977,POINT (35.7803977 -78.63909890000001),23.370402869022445
,,"Buffalo, NY",,201489,,,,,,,"Buffalo, NY",-78.87839220000001,42.8867166,POINT (42.8867166 -78.87839220000001),170.8679774607182
,,"San Antonio, TX",,201490,,,,,,,"San Antonio, TX",-98.4951405,29.424600199999997,POINT (29.4246002 -98.49514050000001),839.3083271710126
,,"San Antonio, TX",,201491,,,,,,,"San Antonio, TX",-98.4951405,29.424600199999997,POINT (29.4246002 -98.49514050000001),752.8265315420662
,,"Orlando, FL",,201492,,,,,,,"Orlando, FL",-81.3790304,28.5421109,POINT (28.5421109 -81.3790304),659.9880892163505
,,"San Diego, CA",,201493,,,,,,,"San Diego, CA",-117.16277140000001,32.7174209,POINT (32.7174209 -117.1627714),115.94766982184925
,,"Spokane, WA",,201494,,,,,,,"Spokane, WA",-117.42122649999999,47.6579425,POINT (47.6579425 -117.4212265),2070.3260870967174
,,"Spokane, WA",,201495,,,,,,,"Spokane, WA",-117.42122649999999,47.6579425,POINT (47.6579425 -117.4212265),925.2442492231772
,,"Dayton, OH",,201396,,,,,,,"Dayton, OH",-84.1916069,39.758947799999994,POINT (39.75894779999999 -84.1916069),148.92001413737017
,,"Lexington, KY",,201397,,,,,,,"Lexington, KY",-84.4970393,38.0464066,POINT (38.0464066 -84.4970393),79.03502143796608
,,"Salt Lake City, UT",,201398,,,,,,,"Salt Lake City, UT",-111.88679750000001,40.759619799999996,POINT (40.7596198 -111.8867975),549.3802643006065
,,"Kansas City, MO",,201399,,,,,,,"Kansas City, MO",-94.5781416,39.100105,POINT (39.100105 -94.5781416),42.542537672077344
,,"Austin, TX",,2013100,,,,,,,"Austin, TX",-97.7436995,30.2711286,POINT (30.2711286 -97.74369950000001),1121.7485932414013
,,"Philadelphia, PA",,2013101,,,,,,,"Philadelphia, PA",-75.16352619999999,39.9527237,POINT (39.9527237 -75.16352619999999),339.93778571149846
,,"Dayton, OH",,2013102,,,,,,,"Dayton, OH",-84.1916069,39.758947799999994,POINT (39.75894779999999 -84.1916069),73.88662537453882
,,"Philadelphia, PA",,2013103,,,,,,,"Philadelphia, PA",-75.16352619999999,39.9527237,POINT (39.9527237 -75.16352619999999),135.33400174963194
,,"Lexington, KY",,2013104,,,,,,,"Lexington, KY",-84.4970393,38.0464066,POINT (38.0464066 -84.4970393),376.6173335337919
,,"Auburn Hills, MI",,2013105,,,,,,,"Auburn Hills, MI",-83.23410279999999,42.6875323,POINT (42.6875323 -83.23410279999999),77.32753582661681
,,"Salt Lake City, UT",,2013106,,,,,,,"Salt Lake City, UT",-111.88679750000001,40.759619799999996,POINT (40.7596198 -111.8867975),481.09283382209463
,,"Austin, TX",,2013107,,,,,,,"Austin, TX",-97.7436995,30.2711286,POINT (30.2711286 -97.74369950000001),957.6079031487933
,,"San Jose, CA",,2013108,,,,,,,"San Jose, CA",-121.89058329999999,37.3361905,POINT (37.3361905 -121.8905833),2865.829389815074
,,"San Jose, CA",,2013109,,,,,,,"San Jose, CA",-121.89058329999999,37.3361905,POINT (37.3361905 -121.8905833),1969.269626286512
,,"Kansas City, MO",,2013110,,,,,,,"Kansas City, MO",-94.5781416,39.100105,POINT (39.100105 -94.5781416),125.1232831306639
,,"Auburn Hills, MI",,2013111,,,,,,,"Auburn Hills, MI",-83.23410279999999,42.6875323,POINT (42.6875323 -83.23410279999999),38.37324850034797
,,"Greensboro, NC",,2012112,,,,,,,"Greensboro, NC",-79.79197540000001,36.0726355,POINT (36.0726355 -79.79197540000001),47.41209858684884
,,"Louisville, KY",,2012113,,,,,,,"Louisville, KY",-85.759407,38.254237599999996,POINT (38.2542376 -85.759407),79.24139026013833
,,"Columbus, OH",,2012114,,,,,,,"Columbus, OH",-83.00070649999999,39.9622601,POINT (39.9622601 -83.00070649999999),194.35674776724636
,,"Pittsburgh, PA",,2012115,,,,,,,"Pittsburgh, PA",-79.99008609999998,40.4416941,POINT (40.4416941 -79.99008609999998),288.96346686868895
,,"Omaha, NE",,2012116,,,,,,,"Omaha, NE",-95.93837579999999,41.258745899999994,POINT (41.25874589999999 -95.93837579999999),149.29205440646493
,,"Greensboro, NC",,2012117,,,,,,,"Greensboro, NC",-79.79197540000001,36.0726355,POINT (36.0726355 -79.79197540000001),52.879952950645645
,,"Omaha, NE",,2012118,,,,,,,"Omaha, NE",-95.93837579999999,41.258745899999994,POINT (41.25874589999999 -95.93837579999999),266.70954785913005
,,"Pittsburgh, PA",,2012119,,,,,,,"Pittsburgh, PA",-79.99008609999998,40.4416941,POINT (40.4416941 -79.99008609999998),190.78281170237892
,,"Columbus, OH",,2012120,,,,,,,"Columbus, OH",-83.00070649999999,39.9622601,POINT (39.9622601 -83.00070649999999),374.08381643141354
,,"Albuquerque, NM",,2012121,,,,,,,"Albuquerque, NM",-106.6509851,35.0841034,POINT (35.0841034 -106.6509851),632.3224722565675
,,"Louisville, KY",,2012122,,,,,,,"Louisville, KY",-85.759407,38.254237599999996,POINT (38.2542376 -85.759407),326.5776535355774
,,"Nashville, TN",,2012123,,,,,,,"Nashville, TN",-86.7743531,36.1622296,POINT (36.1622296 -86.7743531),387.39107965583554
,,"Nashville, TN",,2012124,,,,,,,"Nashville, TN",-86.7743531,36.1622296,POINT (36.1622296 -86.7743531),426.0420684143278
,,"Portland, OR",,2012125,,,,,,,"Portland, OR",-122.6741949,45.5202471,POINT (45.5202471 -122.6741949),2281.5400696960583
,,"Portland, OR",,2012126,,,,,,,"Portland, OR",-122.6741949,45.5202471,POINT (45.5202471 -122.6741949),2338.872303484387
,,"Albuquerque, NM",,2012127,,,,,,,"Albuquerque, NM",-106.6509851,35.0841034,POINT (35.0841034 -106.6509851),1181.143151015157
,,"Cleveland, OH",,2011128,,,,,,,"Cleveland, OH",-81.6934446,41.5051613,POINT (41.5051613 -81.69344460000001),124.7840846244833
,,"Washington, DC",,2011129,,,,,,,"Washington, DC",-77.0365529,38.894893200000006,POINT (38.89489320000001 -77.0365529),205.76402861387496
,,"Tulsa, OK",,2011130,,,,,,,"Tulsa, OK",-95.9929113,36.1556805,POINT (36.1556805 -95.9929113),180.22100371688072
,,"Charlotte, NC",,2011131,,,,,,,"Charlotte, NC",-80.8431268,35.2270869,POINT (35.2270869 -80.84312679999999),127.4226595727384
,,"Charlotte, NC",,2011132,,,,,,,"Charlotte, NC",-80.8431268,35.2270869,POINT (35.2270869 -80.84312679999999),119.27341381584134
,,"Tampa, FL",,2011133,,,,,,,"Tampa, FL",-82.458444,27.947759499999997,POINT (27.9477595 -82.458444),104.95141991391948
,,"Chicago, IL",,2011134,,,,,,,"Chicago, IL",-87.6244212,41.875561600000005,POINT (41.8755616 -87.6244212),86.80593762762305
,,"Tucson, AZ",,2011135,,,,,,,"Tucson, AZ",-110.9748477,32.2228765,POINT (32.2228765 -110.9748477),380.60448962016983
,,"Cleveland, OH",,2011136,,,,,,,"Cleveland, OH",-81.6934446,41.5051613,POINT (41.5051613 -81.69344460000001),358.4610088541104
,,"Denver, CO",,2011137,,,,,,,"Denver, CO",-104.9653271,39.7348381,POINT (39.7348381 -104.9653271),416.6902539723044
,,"Chicago, IL",,2011138,,,,,,,"Chicago, IL",-87.6244212,41.875561600000005,POINT (41.8755616 -87.6244212),99.7258497504977
,,"Washington, DC",,2011139,,,,,,,"Washington, DC",-77.0365529,38.894893200000006,POINT (38.89489320000001 -77.0365529),348.1418291739199
,,"Tampa, FL",,2011140,,,,,,,"Tampa, FL",-82.458444,27.947759499999997,POINT (27.9477595 -82.458444),639.2115835922754
,,"Tucson, AZ",,2011141,,,,,,,"Tucson, AZ",-110.9748477,32.2228765,POINT (32.2228765 -110.9748477),1500.5034839240432
,,"Denver, CO",,2011142,,,,,,,"Denver, CO",-104.9653271,39.7348381,POINT (39.7348381 -104.9653271),1197.5122454028615
,,"Tulsa, OK",,2011143,,,,,,,"Tulsa, OK",-95.9929113,36.1556805,POINT (36.1556805 -95.9929113),380.58755347480786
,,"Jacksonville, FL",,2010144,,,,,,,"Jacksonville, FL",-81.655651,30.3321838,POINT (30.3321838 -81.65565100000001),390.4990094293298
,,"New Orleans, LA",,2010145,,,,,,,"New Orleans, LA",-90.0701156,29.949932300000004,POINT (29.9499323 -90.07011559999999),609.6194872864402
,,"Oklahoma City, OK",,2010146,,,,,,,"Oklahoma City, OK",-97.5170536,35.4729886,POINT (35.4729886 -97.5170536),258.4698204538321
,,"Buffalo, NY",,2010147,,,,,,,"Buffalo, NY",-78.87839220000001,42.8867166,POINT (42.8867166 -78.87839220000001),170.8679774607182
,,"Providence, RI",,2010148,,,,,,,"Providence, RI",-71.4128343,41.8239891,POINT (41.8239891 -71.4128343),268.19777528669954
,,"Buffalo, NY",,2010149,,,,,,,"Buffalo, NY",-78.87839220000001,42.8867166,POINT (42.8867166 -78.87839220000001),212.56408292213047
,,"Milwaukee, WI",,2010150,,,,,,,"Milwaukee, WI",-87.92249699999999,43.0349931,POINT (43.0349931 -87.92249699999999),357.7087922958832
,,"Oklahoma City, OK",,2010151,,,,,,,"Oklahoma City, OK",-97.5170536,35.4729886,POINT (35.4729886 -97.5170536),239.24173747319512
,,"New Orleans, LA",,2010152,,,,,,,"New Orleans, LA",-90.0701156,29.949932300000004,POINT (29.9499323 -90.07011559999999),448.71416339709054
,,"San Jose, CA",,2010153,,,,,,,"San Jose, CA",-121.89058329999999,37.3361905,POINT (37.3361905 -121.8905833),959.3027677548794
,,"Providence, RI",,2010154,,,,,,,"Providence, RI",-71.4128343,41.8239891,POINT (41.8239891 -71.4128343),395.78085663333746
,,"Milwaukee, WI",,2010155,,,,,,,"Milwaukee, WI",-87.92249699999999,43.0349931,POINT (43.0349931 -87.92249699999999),520.2659328699443
,,"Spokane, WA",,2010156,,,,,,,"Spokane, WA",-117.42122649999999,47.6579425,POINT (47.6579425 -117.4212265),1947.8982754024487
,,"Jacksonville, FL",,2010157,,,,,,,"Jacksonville, FL",-81.655651,30.3321838,POINT (30.3321838 -81.65565100000001),926.7129879645831
,,"Spokane, WA",,2010158,,,,,,,"Spokane, WA",-117.42122649999999,47.6579425,POINT (47.6579425 -117.4212265),2572.55655208986
,,"San Jose, CA",,2010159,,,,,,,"San Jose, CA",-121.89058329999999,37.3361905,POINT (37.3361905 -121.8905833),2181.9775687679094
,,"Buffalo, NY",,2009160,,,,,,,"Buffalo, NY",-78.87839220000001,42.8867166,POINT (42.8867166 -78.87839220000001),170.8679774607182
,,"Dayton, OH",,2009161,,,,,,,"Dayton, OH",-84.1916069,39.758947799999994,POINT (39.75894779999999 -84.1916069),266.2719396312039
,,"Greensboro, NC",,2009162,,,,,,,"Greensboro, NC",-79.79197540000001,36.0726355,POINT (36.0726355 -79.79197540000001),47.41209858684884
,,"Philadelphia, PA",,2009163,,,,,,,"Philadelphia, PA",-75.16352619999999,39.9527237,POINT (39.9527237 -75.16352619999999),214.5716402135709
,,"Oklahoma City, OK",,2009164,,,,,,,"Oklahoma City, OK",-97.5170536,35.4729886,POINT (35.4729886 -97.5170536),239.24173747319512
,,"Greensboro, NC",,2009165,,,,,,,"Greensboro, NC",-79.79197540000001,36.0726355,POINT (36.0726355 -79.79197540000001),52.879952950645645
,,"Kansas City, MO",,2009166,,,,,,,"Kansas City, MO",-94.5781416,39.100105,POINT (39.100105 -94.5781416),301.0612639966531
,,"Kansas City, MO",,2009167,,,,,,,"Kansas City, MO",-94.5781416,39.100105,POINT (39.100105 -94.5781416),380.02236463114104
,,"Milwaukee, WI",,2009168,,,,,,,"Milwaukee, WI",-87.92249699999999,43.0349931,POINT (43.0349931 -87.92249699999999),520.2659328699443
,,"Philadelphia, PA",,2009169,,,,,,,"Philadelphia, PA",-75.16352619999999,39.9527237,POINT (39.9527237 -75.16352619999999),12.131190868669888
,,"Miami, FL",,2009170,,,,,,,"Miami, FL",-80.1936589,25.7742658,POINT (25.7742658 -80.1936589),1102.2432270466363
,,"Boise, ID",,2009171,,,,,,,"Boise, ID",-116.20088600000001,43.6166163,POINT (43.6166163 -116.200886),1511.8495066209232
,,"San Jose, CA",,2009172,,,,,,,"San Jose, CA",-121.89058329999999,37.3361905,POINT (37.3361905 -121.8905833),2181.9775687679094
,,"Boise, ID",,2009173,,,,,,,"Boise, ID",-116.20088600000001,43.6166163,POINT (43.6166163 -116.200886),1991.4672453717096
,,"Portland, OR",,2009174,,,,,,,"Portland, OR",-122.6741949,45.5202471,POINT (45.5202471 -122.6741949),353.725129347583
,,"Portland, OR",,2009175,,,,,,,"Portland, OR",-122.6741949,45.5202471,POINT (45.5202471 -122.6741949),134.57213746932086
,,"Raleigh, NC",,2008176,,,,,,,"Raleigh, NC",-78.63909890000001,35.7803977,POINT (35.7803977 -78.63909890000001),26.55305978252759
,,"Omaha, NE",,2008177,,,,,,,"Omaha, NE",-95.93837579999999,41.258745899999994,POINT (41.25874589999999 -95.93837579999999),149.29205440646493
,,"North Little Rock, AR",,2008178,,,,,,,"North Little Rock, AR",-92.2670941,34.769535999999995,POINT (34.769536 -92.26709409999999),146.42188608200573
,,"Anaheim, CA",,2008179,,,,,,,"Anaheim, CA",-117.911732,33.8347516,POINT (33.8347516 -117.911732),36.34366236253514
,,"Birmingham, AL",,2008180,,,,,,,"Birmingham, AL",-86.80243259999999,33.5206824,POINT (33.5206824 -86.80243259999999),233.8606245524869
,,"Raleigh, NC",,2008181,,,,,,,"Raleigh, NC",-78.63909890000001,35.7803977,POINT (35.7803977 -78.63909890000001),217.39757176635442
,,"North Little Rock, AR",,2008182,,,,,,,"North Little Rock, AR",-92.2670941,34.769535999999995,POINT (34.769536 -92.26709409999999),439.3967365461332
,,"Washington, DC",,2008183,,,,,,,"Washington, DC",-77.0365529,38.894893200000006,POINT (38.89489320000001 -77.0365529),215.4633235790944
,,"Birmingham, AL",,2008184,,,,,,,"Birmingham, AL",-86.80243259999999,33.5206824,POINT (33.5206824 -86.80243259999999),299.0042682094179
,,"Omaha, NE",,2008185,,,,,,,"Omaha, NE",-95.93837579999999,41.258745899999994,POINT (41.25874589999999 -95.93837579999999),421.3196032866717
,,"Anaheim, CA",,2008186,,,,,,,"Anaheim, CA",-117.911732,33.8347516,POINT (33.8347516 -117.911732),346.3885833827748
,,"Washington, DC",,2008187,,,,,,,"Washington, DC",-77.0365529,38.894893200000006,POINT (38.89489320000001 -77.0365529),462.31836404311963
,,"Denver, CO",,2008188,,,,,,,"Denver, CO",-104.9653271,39.7348381,POINT (39.7348381 -104.9653271),873.0603798126315
,,"Tampa, FL",,2008189,,,,,,,"Tampa, FL",-82.458444,27.947759499999997,POINT (27.9477595 -82.458444),576.5222702373412
,,"Denver, CO",,2008190,,,,,,,"Denver, CO",-104.9653271,39.7348381,POINT (39.7348381 -104.9653271),1554.5647320049677
,,"Tampa, FL",,2008191,,,,,,,"Tampa, FL",-82.458444,27.947759499999997,POINT (27.9477595 -82.458444),1069.8671333403042
,,"Chicago, IL",,2007192,,,,,,,"Chicago, IL",-87.6244212,41.875561600000005,POINT (41.8755616 -87.6244212),507.3048332521266
,,"Winston-Salem, NC",,2007193,,,,,,,"Winston-Salem, NC",-80.2440518,36.0998131,POINT (36.0998131 -80.24405179999999),75.32948312342825
,,"New Orleans, LA",,2007194,,,,,,,"New Orleans, LA",-90.0701156,29.949932300000004,POINT (29.9499323 -90.07011559999999),480.27403307925294
,,"New Orleans, LA",,2007195,,,,,,,"New Orleans, LA",-90.0701156,29.949932300000004,POINT (29.9499323 -90.07011559999999),480.27403307925294
,,"Sacramento, CA",,2007196,,,,,,,"Sacramento, CA",-121.49439960000001,38.5815719,POINT (38.5815719 -121.4943996),338.3307016780558
,,"Winston-Salem, NC",,2007197,,,,,,,"Winston-Salem, NC",-80.2440518,36.0998131,POINT (36.0998131 -80.24405179999999),263.21810382131025
,,"Chicago, IL",,2007198,,,,,,,"Chicago, IL",-87.6244212,41.875561600000005,POINT (41.8755616 -87.6244212),133.323029622464
,,"Chicago, IL",,2007199,,,,,,,"Chicago, IL",-87.6244212,41.875561600000005,POINT (41.8755616 -87.6244212),133.323029622464
,,"Buffalo, NY",,2007200,,,,,,,"Buffalo, NY",-78.87839220000001,42.8867166,POINT (42.8867166 -78.87839220000001),166.0855637981592
,,"Sacramento, CA",,2007201,,,,,,,"Sacramento, CA",-121.49439960000001,38.5815719,POINT (38.5815719 -121.4943996),574.244089458387
,,"Spokane, WA",,2007202,,,,,,,"Spokane, WA",-117.42122649999999,47.6579425,POINT (47.6579425 -117.4212265),417.12373172967
,,"Spokane, WA",,2007203,,,,,,,"Spokane, WA",-117.42122649999999,47.6579425,POINT (47.6579425 -117.4212265),417.12373172967
,,"Columbus, OH",,2007204,,,,,,,"Columbus, OH",-83.00070649999999,39.9622601,POINT (39.9622601 -83.00070649999999),410.5478963901618
,,"Spokane, WA",,2007205,,,,,,,"Spokane, WA",-117.42122649999999,47.6579425,POINT (47.6579425 -117.4212265),1631.9848827369192
,,"Buffalo, NY",,2007206,,,,,,,"Buffalo, NY",-78.87839220000001,42.8867166,POINT (42.8867166 -78.87839220000001),270.21009603750946
,,"Buffalo, NY",,2007207,,,,,,,"Buffalo, NY",-78.87839220000001,42.8867166,POINT (42.8867166 -78.87839220000001),270.21009603750946
,,"Philadelphia, PA",,2006208,,,,,,,"Philadelphia, PA",-75.16352619999999,39.9527237,POINT (39.9527237 -75.16352619999999),12.131190868669888
,,"Greensboro, NC",,2006209,,,,,,,"Greensboro, NC",-79.79197540000001,36.0726355,POINT (36.0726355 -79.79197540000001),52.879952950645645
,,"Dallas, TX",,2006210,,,,,,,"Dallas, TX",-96.7968559,32.7762719,POINT (32.7762719 -96.7968559),450.50554443066915
,,"Philadelphia, PA",,2006211,,,,,,,"Philadelphia, PA",-75.16352619999999,39.9527237,POINT (39.9527237 -75.16352619999999),214.5716402135709
,,"Dayton, OH",,2006212,,,,,,,"Dayton, OH",-84.1916069,39.758947799999994,POINT (39.75894779999999 -84.1916069),73.88662537453882
,,"Dallas, TX",,2006213,,,,,,,"Dallas, TX",-96.7968559,32.7762719,POINT (32.7762719 -96.7968559),165.4307720311215
,,"San Diego, CA",,2006214,,,,,,,"San Diego, CA",-117.16277140000001,32.7174209,POINT (32.7174209 -117.1627714),115.94766982184925
,,"Greensboro, NC",,2006215,,,,,,,"Greensboro, NC",-79.79197540000001,36.0726355,POINT (36.0726355 -79.79197540000001),257.3161589440583
,,"Jacksonville, FL",,2006216,,,,,,,"Jacksonville, FL",-81.655651,30.3321838,POINT (30.3321838 -81.65565100000001),61.204086058717444
,,"Auburn Hills, MI",,2006217,,,,,,,"Auburn Hills, MI",-83.23410279999999,42.6875323,POINT (42.6875323 -83.23410279999999),522.1524171650354
,,"Salt Lake City, UT",,2006218,,,,,,,"Salt Lake City, UT",-111.88679750000001,40.759619799999996,POINT (40.7596198 -111.8867975),549.3802643006065
,,"Dayton, OH",,2006219,,,,,,,"Dayton, OH",-84.1916069,39.758947799999994,POINT (39.75894779999999 -84.1916069),399.4674434778052
,,"Salt Lake City, UT",,2006220,,,,,,,"Salt Lake City, UT",-111.88679750000001,40.759619799999996,POINT (40.7596198 -111.8867975),2532.575515356359
,,"Jacksonville, FL",,2006221,,,,,,,"Jacksonville, FL",-81.655651,30.3321838,POINT (30.3321838 -81.65565100000001),592.3306578855246
,,"Auburn Hills, MI",,2006222,,,,,,,"Auburn Hills, MI",-83.23410279999999,42.6875323,POINT (42.6875323 -83.23410279999999),781.8034293283872
,,"San Diego, CA",,2006223,,,,,,,"San Diego, CA",-117.16277140000001,32.7174209,POINT (32.7174209 -117.1627714),1856.2606821905645
,,"Charlotte, NC",,2005224,,,,,,,"Charlotte, NC",-80.8431268,35.2270869,POINT (35.2270869 -80.84312679999999),119.27341381584134
,,"Boise, ID",,2005225,,,,,,,"Boise, ID",-116.20088600000001,43.6166163,POINT (43.6166163 -116.200886),455.015805257792
,,"Charlotte, NC",,2005226,,,,,,,"Charlotte, NC",-80.8431268,35.2270869,POINT (35.2270869 -80.84312679999999),127.4226595727384
,,"Indianapolis, IN",,2005227,,,,,,,"Indianapolis, IN",-86.1583502,39.7683331,POINT (39.7683331 -86.1583502),130.09306175133221
,,"Worcester, MA",,2005228,,,,,,,"Worcester, MA",-71.8022934,42.262593200000005,POINT (42.2625932 -71.8022934),39.6859429490424
,,"Cleveland, OH",,2005229,,,,,,,"Cleveland, OH",-81.6934446,41.5051613,POINT (41.5051613 -81.69344460000001),345.1946257822979
,,"Indianapolis, IN",,2005230,,,,,,,"Indianapolis, IN",-86.1583502,39.7683331,POINT (39.7683331 -86.1583502),149.2422493392192
,,"Oklahoma City, OK",,2005231,,,,,,,"Oklahoma City, OK",-97.5170536,35.4729886,POINT (35.4729886 -97.5170536),48.72919648413321
,,"Oklahoma City, OK",,2005232,,,,,,,"Oklahoma City, OK",-97.5170536,35.4729886,POINT (35.4729886 -97.5170536),258.4698204538321
,,"Tucson, AZ",,2005233,,,,,,,"Tucson, AZ",-110.9748477,32.2228765,POINT (32.2228765 -110.9748477),1039.6679277077517
,,"Tucson, AZ",,2005234,,,,,,,"Tucson, AZ",-110.9748477,32.2228765,POINT (32.2228765 -110.9748477),860.9053776592783
,,"Boise, ID",,2005235,,,,,,,"Boise, ID",-116.20088600000001,43.6166163,POINT (43.6166163 -116.200886),778.6756782476002
,,"Nashville, TN",,2005236,,,,,,,"Nashville, TN",-86.7743531,36.1622296,POINT (36.1622296 -86.7743531),490.22471891635183
,,"Nashville, TN",,2005237,,,,,,,"Nashville, TN",-86.7743531,36.1622296,POINT (36.1622296 -86.7743531),142.48007927255475
,,"Worcester, MA",,2005238,,,,,,,"Worcester, MA",-71.8022934,42.262593200000005,POINT (42.2625932 -71.8022934),273.45772130747326
,,"Cleveland, OH",,2005239,,,,,,,"Cleveland, OH",-81.6934446,41.5051613,POINT (41.5051613 -81.69344460000001),656.1841939390404
,,"Columbus, OH",,2004240,,,,,,,"Columbus, OH",-83.00070649999999,39.9622601,POINT (39.9622601 -83.00070649999999),152.33126425808695
,,"Raleigh, NC",,2004241,,,,,,,"Raleigh, NC",-78.63909890000001,35.7803977,POINT (35.7803977 -78.63909890000001),23.370402869022445
,,"Buffalo, NY",,2004242,,,,,,,"Buffalo, NY",-78.87839220000001,42.8867166,POINT (42.8867166 -78.87839220000001),288.7157572986736
,,"Seattle, WA",,2004243,,,,,,,"Seattle, WA",-122.3300624,47.6038321,POINT (47.6038321 -122.3300624),632.3050000277424
,,"Seattle, WA",,2004244,,,,,,,"Seattle, WA",-122.3300624,47.6038321,POINT (47.6038321 -122.3300624),306.24115061816065
,,"Orlando, FL",,2004245,,,,,,,"Orlando, FL",-81.3790304,28.5421109,POINT (28.5421109 -81.3790304),552.2320020611863
,,"Kansas City, MO",,2004246,,,,,,,"Kansas City, MO",-94.5781416,39.100105,POINT (39.100105 -94.5781416),241.71716764867347
,,"Buffalo, NY",,2004247,,,,,,,"Buffalo, NY",-78.87839220000001,42.8867166,POINT (42.8867166 -78.87839220000001),417.0980538321219
,,"Milwaukee, WI",,2004248,,,,,,,"Milwaukee, WI",-87.92249699999999,43.0349931,POINT (43.0349931 -87.92249699999999),615.7110213935547
,,"Denver, CO",,2004249,,,,,,,"Denver, CO",-104.9653271,39.7348381,POINT (39.7348381 -104.9653271),739.6606878051679
,,"Milwaukee, WI",,2004250,,,,,,,"Milwaukee, WI",-87.92249699999999,43.0349931,POINT (43.0349931 -87.92249699999999),520.2659328699443
,,"Orlando, FL",,2004251,,,,,,,"Orlando, FL",-81.3790304,28.5421109,POINT (28.5421109 -81.3790304),479.7505642435857
,,"Kansas City, MO",,2004252,,,,,,,"Kansas City, MO",-94.5781416,39.100105,POINT (39.100105 -94.5781416),42.542537672077344
,,"Columbus, OH",,2004253,,,,,,,"Columbus, OH",-83.00070649999999,39.9622601,POINT (39.9622601 -83.00070649999999),107.37766575714784
,,"Raleigh, NC",,2004254,,,,,,,"Raleigh, NC",-78.63909890000001,35.7803977,POINT (35.7803977 -78.63909890000001),104.21357136769538
,,"Denver, CO",,2004255,,,,,,,"Denver, CO",-104.9653271,39.7348381,POINT (39.7348381 -104.9653271),1742.0179386842044
,,"Birmingham, AL",,2003256,,,,,,,"Birmingham, AL",-86.80243259999999,33.5206824,POINT (33.5206824 -86.80243259999999),708.4317791879862
,,"Oklahoma City, OK",,2003257,,,,,,,"Oklahoma City, OK",-97.5170536,35.4729886,POINT (35.4729886 -97.5170536),17.777579432529297
,,"Nashville, TN",,2003258,,,,,,,"Nashville, TN",-86.7743531,36.1622296,POINT (36.1622296 -86.7743531),182.56022038088824
,,"Salt Lake City, UT",,2003259,,,,,,,"Salt Lake City, UT",-111.88679750000001,40.759619799999996,POINT (40.7596198 -111.8867975),533.2028596268094
,,"Tampa, FL",,2003260,,,,,,,"Tampa, FL",-82.458444,27.947759499999997,POINT (27.9477595 -82.458444),104.95141991391948
,,"Tampa, FL",,2003261,,,,,,,"Tampa, FL",-82.458444,27.947759499999997,POINT (27.9477595 -82.458444),526.5348042639521
,,"Boston, MA",,2003262,,,,,,,"Boston, MA",-71.0582912,42.3602534,POINT (42.3602534 -71.0582912),566.0646562696624
,,"Oklahoma City, OK",,2003263,,,,,,,"Oklahoma City, OK",-97.5170536,35.4729886,POINT (35.4729886 -97.5170536),258.4698204538321
,,"Nashville, TN",,2003264,,,,,,,"Nashville, TN",-86.7743531,36.1622296,POINT (36.1622296 -86.7743531),234.5367633048116
,,"Boston, MA",,2003265,,,,,,,"Boston, MA",-71.0582912,42.3602534,POINT (42.3602534 -71.0582912),318.21710790260977
,,"Indianapolis, IN",,2003266,,,,,,,"Indianapolis, IN",-86.1583502,39.7683331,POINT (39.7683331 -86.1583502),231.21985786474173
,,"Salt Lake City, UT",,2003267,,,,,,,"Salt Lake City, UT",-111.88679750000001,40.759619799999996,POINT (40.7596198 -111.8867975),2068.6519647192754
,,"Spokane, WA",,2003268,,,,,,,"Spokane, WA",-117.42122649999999,47.6579425,POINT (47.6579425 -117.4212265),700.7544345537534
,,"Birmingham, AL",,2003269,,,,,,,"Birmingham, AL",-86.80243259999999,33.5206824,POINT (33.5206824 -86.80243259999999),299.0042682094179
,,"Spokane, WA",,2003270,,,,,,,"Spokane, WA",-117.42122649999999,47.6579425,POINT (47.6579425 -117.4212265),2123.826606639457
,,"Indianapolis, IN",,2003271,,,,,,,"Indianapolis, IN",-86.1583502,39.7683331,POINT (39.7683331 -86.1583502),130.09306175133221
,,"Washington, DC",,2002272,,,,,,,"Washington, DC",-77.0365529,38.894893200000006,POINT (38.89489320000001 -77.0365529),8.249110006618928
,,"St. Louis, MO",,2002273,,,,,,,"St. Louis, MO",-90.24111656024635,38.6529545,POINT (38.6529545 -90.24111656024635),311.7415540847669
,,"Greenville, SC",,2002274,,,,,,,"Greenville, SC",-82.3984882,34.851354,POINT (34.851354 -82.3984882),226.24494515728276
,,"Pittsburgh, PA",,2002275,,,,,,,"Pittsburgh, PA",-79.99008609999998,40.4416941,POINT (40.4416941 -79.99008609999998),292.81632534088845
,,"Washington, DC",,2002276,,,,,,,"Washington, DC",-77.0365529,38.894893200000006,POINT (38.89489320000001 -77.0365529),348.1418291739199
,,"Sacramento, CA",,2002277,,,,,,,"Sacramento, CA",-121.49439960000001,38.5815719,POINT (38.5815719 -121.4943996),353.4663783712392
,,"Greenville, SC",,2002278,,,,,,,"Greenville, SC",-82.3984882,34.851354,POINT (34.851354 -82.3984882),335.3761789306332
,,"Dallas, TX",,2002279,,,,,,,"Dallas, TX",-96.7968559,32.7762719,POINT (32.7762719 -96.7968559),155.6992838680457
,,"Chicago, IL",,2002280,,,,,,,"Chicago, IL",-87.6244212,41.875561600000005,POINT (41.8755616 -87.6244212),559.4935036187543
,,"Dallas, TX",,2002281,,,,,,,"Dallas, TX",-96.7968559,32.7762719,POINT (32.7762719 -96.7968559),499.1153728053571
,,"Pittsburgh, PA",,2002282,,,,,,,"Pittsburgh, PA",-79.99008609999998,40.4416941,POINT (40.4416941 -79.99008609999998),1.7250032330355916
,,"Albuquerque, NM",,2002283,,,,,,,"Albuquerque, NM",-106.6509851,35.0841034,POINT (35.0841034 -106.6509851),322.1424140890853
,,"St. Louis, MO",,2002284,,,,,,,"St. Louis, MO",-90.24111656024635,38.6529545,POINT (38.6529545 -90.24111656024635),358.6292347168371
,,"Chicago, IL",,2002285,,,,,,,"Chicago, IL",-87.6244212,41.875561600000005,POINT (41.8755616 -87.6244212),116.08281185706679
,,"Sacramento, CA",,2002286,,,,,,,"Sacramento, CA",-121.49439960000001,38.5815719,POINT (38.5815719 -121.4943996),346.51533922479723
,,"Albuquerque, NM",,2002287,,,,,,,"Albuquerque, NM",-106.6509851,35.0841034,POINT (35.0841034 -106.6509851),1499.6627476394651
,,"Dayton, OH",,2001288,,,,,,,"Dayton, OH",-84.1916069,39.758947799999994,POINT (39.75894779999999 -84.1916069),251.54642803007928
,,"Greensboro, NC",,2001289,,,,,,,"Greensboro, NC",-79.79197540000001,36.0726355,POINT (36.0726355 -79.79197540000001),52.879952950645645
,,"Memphis, TN",,2001290,,,,,,,"Memphis, TN",-90.0516285,35.1490215,POINT (35.1490215 -90.05162850000001),584.2280405309798
,,"San Diego, CA",,2001291,,,,,,,"San Diego, CA",-117.16277140000001,32.7174209,POINT (32.7174209 -117.1627714),427.3795916597655
,,"Kansas City, MO",,2001292,,,,,,,"Kansas City, MO",-94.5781416,39.100105,POINT (39.100105 -94.5781416),1105.0438525936795
,,"Uniondale, NY",,2001293,,,,,,,"Uniondale, NY",-73.5895167364443,40.7031115,POINT (40.7031115 -73.5895167364443),698.4810231041837
,,"New Orleans, LA",,2001294,,,,,,,"New Orleans, LA",-90.0701156,29.949932300000004,POINT (29.9499323 -90.07011559999999),778.6325138482688
,,"Boise, ID",,2001295,,,,,,,"Boise, ID",-116.20088600000001,43.6166163,POINT (43.6166163 -116.200886),1405.352479164619
,,"Kansas City, MO",,2001296,,,,,,,"Kansas City, MO",-94.5781416,39.100105,POINT (39.100105 -94.5781416),429.7440405742393
,,"Uniondale, NY",,2001297,,,,,,,"Uniondale, NY",-73.5895167364443,40.7031115,POINT (40.7031115 -73.5895167364443),181.49189297656818
,,"New Orleans, LA",,2001298,,,,,,,"New Orleans, LA",-90.0701156,29.949932300000004,POINT (29.9499323 -90.07011559999999),480.27403307925294
,,"Boise, ID",,2001299,,,,,,,"Boise, ID",-116.20088600000001,43.6166163,POINT (43.6166163 -116.200886),2456.5726843130687
,,"Dayton, OH",,2001300,,,,,,,"Dayton, OH",-84.1916069,39.758947799999994,POINT (39.75894779999999 -84.1916069),688.944254256342
,,"Greensboro, NC",,2001301,,,,,,,"Greensboro, NC",-79.79197540000001,36.0726355,POINT (36.0726355 -79.79197540000001),2405.6241857254245
,,"Memphis, TN",,2001302,,,,,,,"Memphis, TN",-90.0516285,35.1490215,POINT (35.1490215 -90.05162850000001),459.55431551406
,,"San Diego, CA",,2001303,,,,,,,"San Diego, CA",-117.16277140000001,32.7174209,POINT (32.7174209 -117.1627714),1946.5573973410021
,,"Winston-Salem, NC",,2000304,,,,,,,"Winston-Salem, NC",-80.2440518,36.0998131,POINT (36.0998131 -80.24405179999999),81.02155675463615
,,"Cleveland, OH",,2000305,,,,,,,"Cleveland, OH",-81.6934446,41.5051613,POINT (41.5051613 -81.69344460000001),188.7739634519778
,,"Birmingham, AL",,2000306,,,,,,,"Birmingham, AL",-86.80243259999999,33.5206824,POINT (33.5206824 -86.80243259999999),2211.465583276387
,,"Tucson, AZ",,2000307,,,,,,,"Tucson, AZ",-110.9748477,32.2228765,POINT (32.2228765 -110.9748477),0.38782399878422136
,,"Buffalo, NY",,2000308,,,,,,,"Buffalo, NY",-78.87839220000001,42.8867166,POINT (42.8867166 -78.87839220000001),293.46704487077096
,,"Minneapolis, MN",,2000309,,,,,,,"Minneapolis, MN",-93.2654692,44.9772995,POINT (44.9772995 -93.2654692),184.81435194713063
,,"Nashville, TN",,2000310,,,,,,,"Nashville, TN",-86.7743531,36.1622296,POINT (36.1622296 -86.7743531),231.8792633695019
,,"Tucson, AZ",,2000311,,,,,,,"Tucson, AZ",-110.9748477,32.2228765,POINT (32.2228765 -110.9748477),2358.6416408967884
,,"Buffalo, NY",,2000312,,,,,,,"Buffalo, NY",-78.87839220000001,42.8867166,POINT (42.8867166 -78.87839220000001),1207.1718448165043
,,"Minneapolis, MN",,2000313,,,,,,,"Minneapolis, MN",-93.2654692,44.9772995,POINT (44.9772995 -93.2654692),1080.3184213359812
,,"Nashville, TN",,2000314,,,,,,,"Nashville, TN",-86.7743531,36.1622296,POINT (36.1622296 -86.7743531),333.5487265840899
,,"Tucson, AZ",,2000315,,,,,,,"Tucson, AZ",-110.9748477,32.2228765,POINT (32.2228765 -110.9748477),860.9053776592783
,,"Winston-Salem, NC",,2000316,,,,,,,"Winston-Salem, NC",-80.2440518,36.0998131,POINT (36.0998131 -80.24405179999999),554.967723586175
,,"Cleveland, OH",,2000317,,,,,,,"Cleveland, OH",-81.6934446,41.5051613,POINT (41.5051613 -81.69344460000001),358.4610088541104
,,"Birmingham, AL",,2000318,,,,,,,"Birmingham, AL",-86.80243259999999,33.5206824,POINT (33.5206824 -86.80243259999999),233.8606245524869
,,"Salt Lake City, UT",,2000319,,,,,,,"Salt Lake City, UT",-111.88679750000001,40.759619799999996,POINT (40.7596198 -111.8867975),1438.5205114464889
,,"Charlotte, NC",,1999320,,,,,,,"Charlotte, NC",-80.8431268,35.2270869,POINT (35.2270869 -80.84312679999999),127.4226595727384
,,"Milwaukee, WI",,1999321,,,,,,,"Milwaukee, WI",-87.92249699999999,43.0349931,POINT (43.0349931 -87.92249699999999),214.9834948811316
,,"Indianapolis, IN",,1999322,,,,,,,"Indianapolis, IN",-86.1583502,39.7683331,POINT (39.7683331 -86.1583502),447.91004947439217
,,"Denver, CO",,1999323,,,,,,,"Denver, CO",-104.9653271,39.7348381,POINT (39.7348381 -104.9653271),2037.113132078311
,,"Boston, MA",,1999324,,,,,,,"Boston, MA",-71.0582912,42.3602534,POINT (42.3602534 -71.0582912),1182.4992460156666
,,"New Orleans, LA",,1999325,,,,,,,"New Orleans, LA",-90.0701156,29.949932300000004,POINT (29.9499323 -90.07011559999999),1510.5362378881027
,,"Orlando, FL",,1999326,,,,,,,"Orlando, FL",-81.3790304,28.5421109,POINT (28.5421109 -81.3790304),705.4869081531605
,,"Seattle, WA",,1999327,,,,,,,"Seattle, WA",-122.3300624,47.6038321,POINT (47.6038321 -122.3300624),632.3050000277424
,,"Boston, MA",,1999328,,,,,,,"Boston, MA",-71.0582912,42.3602534,POINT (42.3602534 -71.0582912),860.1177956491205
,,"New Orleans, LA",,1999329,,,,,,,"New Orleans, LA",-90.0701156,29.949932300000004,POINT (29.9499323 -90.07011559999999),609.6194872864402
,,"Orlando, FL",,1999330,,,,,,,"Orlando, FL",-81.3790304,28.5421109,POINT (28.5421109 -81.3790304),885.8121978995557
,,"Seattle, WA",,1999331,,,,,,,"Seattle, WA",-122.3300624,47.6038321,POINT (47.6038321 -122.3300624),2786.5430993019922
,,"Charlotte, NC",,1999332,,,,,,,"Charlotte, NC",-80.8431268,35.2270869,POINT (35.2270869 -80.84312679999999),197.09284999484984
,,"Milwaukee, WI",,1999333,,,,,,,"Milwaukee, WI",-87.92249699999999,43.0349931,POINT (43.0349931 -87.92249699999999),1582.4316897405788
,,"Indianapolis, IN",,1999334,,,,,,,"Indianapolis, IN",-86.1583502,39.7683331,POINT (39.7683331 -86.1583502),195.0700288458086
,,"Denver, CO",,1999335,,,,,,,"Denver, CO",-104.9653271,39.7348381,POINT (39.7348381 -104.9653271),708.2804615198297
,,"Hartford, CT",,1998336,,,,,,,"Hartford, CT",-72.6908547,41.764582,POINT (41.764582 -72.6908547),537.3205126714594
,,"Oklahoma City, OK",,1998337,,,,,,,"Oklahoma City, OK",-97.5170536,35.4729886,POINT (35.4729886 -97.5170536),258.4698204538321
,,"Lexington, KY",,1998338,,,,,,,"Lexington, KY",-84.4970393,38.0464066,POINT (38.0464066 -84.4970393),367.7961818055674
,,"Sacramento, CA",,1998339,,,,,,,"Sacramento, CA",-121.49439960000001,38.5815719,POINT (38.5815719 -121.4943996),763.6566622952022
,,"Washington, DC",,1998340,,,,,,,"Washington, DC",-77.0365529,38.894893200000006,POINT (38.89489320000001 -77.0365529),348.1418291739199
,,"Chicago, IL",,1998341,,,,,,,"Chicago, IL",-87.6244212,41.875561600000005,POINT (41.8755616 -87.6244212),99.7258497504977
,,"Atlanta, GA",,1998342,,,,,,,"Atlanta, GA",-84.39018490000001,33.749098700000005,POINT (33.7490987 -84.39018490000001),265.97095699476927
,,"Boise, ID",,1998343,,,,,,,"Boise, ID",-116.20088600000001,43.6166163,POINT (43.6166163 -116.200886),1988.8713702933185
,,"Washington, DC",,1998344,,,,,,,"Washington, DC",-77.0365529,38.894893200000006,POINT (38.89489320000001 -77.0365529),392.8412425139807
,,"Chicago, IL",,1998345,,,,,,,"Chicago, IL",-87.6244212,41.875561600000005,POINT (41.8755616 -87.6244212),2164.6768050620685
,,"Atlanta, GA",,1998346,,,,,,,"Atlanta, GA",-84.39018490000001,33.749098700000005,POINT (33.7490987 -84.39018490000001),532.762012030505
,,"Boise, ID",,1998347,,,,,,,"Boise, ID",-116.20088600000001,43.6166163,POINT (43.6166163 -116.200886),324.07015856761564
,,"Hartford, CT",,1998348,,,,,,,"Hartford, CT",-72.6908547,41.764582,POINT (41.764582 -72.6908547),734.9660305631497
,,"Oklahoma City, OK",,1998349,,,,,,,"Oklahoma City, OK",-97.5170536,35.4729886,POINT (35.4729886 -97.5170536),500.562403777836
,,"Lexington, KY",,1998350,,,,,,,"Lexington, KY",-84.4970393,38.0464066,POINT (38.0464066 -84.4970393),1387.2144432047583
,,"Sacramento, CA",,1998351,,,,,,,"Sacramento, CA",-121.49439960000001,38.5815719,POINT (38.5815719 -121.4943996),2768.8121561946336
,,"Winston-Salem, NC",,1997352,,,,,,,"Winston-Salem, NC",-80.2440518,36.0998131,POINT (36.0998131 -80.24405179999999),75.32948312342825
,,"Kansas City, MO",,1997353,,,,,,,"Kansas City, MO",-94.5781416,39.100105,POINT (39.100105 -94.5781416),376.0180338967065
,,"Memphis, TN",,1997354,,,,,,,"Memphis, TN",-90.0516285,35.1490215,POINT (35.1490215 -90.05162850000001),400.41668518619286
,,"Salt Lake City, UT",,1997355,,,,,,,"Salt Lake City, UT",-111.88679750000001,40.759619799999996,POINT (40.7596198 -111.8867975),1710.2541302214463
,,"Pittsburgh, PA",,1997356,,,,,,,"Pittsburgh, PA",-79.99008609999998,40.4416941,POINT (40.4416941 -79.99008609999998),405.9460271143266
,,"Auburn Hills, MI",,1997357,,,,,,,"Auburn Hills, MI",-83.23410279999999,42.6875323,POINT (42.6875323 -83.23410279999999),2253.0449573175806
,,"Charlotte, NC",,1997358,,,,,,,"Charlotte, NC",-80.8431268,35.2270869,POINT (35.2270869 -80.84312679999999),127.4226595727384
,,"Tucson, AZ",,1997359,,,,,,,"Tucson, AZ",-110.9748477,32.2228765,POINT (32.2228765 -110.9748477),533.4576414321026
,,"Pittsburgh, PA",,1997360,,,,,,,"Pittsburgh, PA",-79.99008609999998,40.4416941,POINT (40.4416941 -79.99008609999998),1688.2046713718669
,,"Auburn Hills, MI",,1997361,,,,,,,"Auburn Hills, MI",-83.23410279999999,42.6875323,POINT (42.6875323 -83.23410279999999),234.90476227292692
,,"Charlotte, NC",,1997362,,,,,,,"Charlotte, NC",-80.8431268,35.2270869,POINT (35.2270869 -80.84312679999999),176.40205370685527
,,"Tucson, AZ",,1997363,,,,,,,"Tucson, AZ",-110.9748477,32.2228765,POINT (32.2228765 -110.9748477),1923.240102474681
,,"Winston-Salem, NC",,1997364,,,,,,,"Winston-Salem, NC",-80.2440518,36.0998131,POINT (36.0998131 -80.24405179999999),390.8048371517196
,,"Kansas City, MO",,1997365,,,,,,,"Kansas City, MO",-94.5781416,39.100105,POINT (39.100105 -94.5781416),779.9358728364539
,,"Memphis, TN",,1997366,,,,,,,"Memphis, TN",-90.0516285,35.1490215,POINT (35.1490215 -90.05162850000001),1313.1163510393937
,,"Salt Lake City, UT",,1997367,,,,,,,"Salt Lake City, UT",-111.88679750000001,40.759619799999996,POINT (40.7596198 -111.8867975),2278.01306070191
,,"Providence, RI",,1996368,,,,,,,"Providence, RI",-71.4128343,41.8239891,POINT (41.8239891 -71.4128343),77.74467708327808
,,"Dallas, TX",,1996369,,,,,,,"Dallas, TX",-96.7968559,32.7762719,POINT (32.7762719 -96.7968559),830.7365115728933
,,"Indianapolis, IN",,1996370,,,,,,,"Indianapolis, IN",-86.1583502,39.7683331,POINT (39.7683331 -86.1583502),873.4380051132276
,,"Albuquerque, NM",,1996371,,,,,,,"Albuquerque, NM",-106.6509851,35.0841034,POINT (35.0841034 -106.6509851),1270.2986235219414
,,"Richmond, VA",,1996372,,,,,,,"Richmond, VA",-77.43428,37.53850870000001,POINT (37.53850870000001 -77.43428),88.05780717503978
,,"Milwaukee, WI",,1996373,,,,,,,"Milwaukee, WI",-87.92249699999999,43.0349931,POINT (43.0349931 -87.92249699999999),640.0455343341825
,,"Orlando, FL",,1996374,,,,,,,"Orlando, FL",-81.3790304,28.5421109,POINT (28.5421109 -81.3790304),686.4221981017961
,,"Tempe, AZ",,1996375,,,,,,,"Tempe, AZ",-111.9400125,33.4255056,POINT (33.4255056 -111.9400125),1092.9299247630095
,,"Richmond, VA",,1996376,,,,,,,"Richmond, VA",-77.43428,37.53850870000001,POINT (37.53850870000001 -77.43428),1540.1677246251318
,,"Milwaukee, WI",,1996377,,,,,,,"Milwaukee, WI",-87.92249699999999,43.0349931,POINT (43.0349931 -87.92249699999999),803.9057888071151
,,"Orlando, FL",,1996378,,,,,,,"Orlando, FL",-81.3790304,28.5421109,POINT (28.5421109 -81.3790304),375.5509619173566
,,"Tempe, AZ",,1996379,,,,,,,"Tempe, AZ",-111.9400125,33.4255056,POINT (33.4255056 -111.9400125),95.47282273369916
,,"Providence, RI",,1996380,,,,,,,"Providence, RI",-71.4128343,41.8239891,POINT (41.8239891 -71.4128343),1029.4180554154498
,,"Dallas, TX",,1996381,,,,,,,"Dallas, TX",-96.7968559,32.7762719,POINT (32.7762719 -96.7968559),1058.35939469282
,,"Indianapolis, IN",,1996382,,,,,,,"Indianapolis, IN",-86.1583502,39.7683331,POINT (39.7683331 -86.1583502),2037.7336039954007
,,"Albuquerque, NM",,1996383,,,,,,,"Albuquerque, NM",-106.6509851,35.0841034,POINT (35.0841034 -106.6509851),1960.0526048294184
,,"Baltimore, MD",,1995384,,,,,,,"Baltimore, MD",-76.610759,39.2908816,POINT (39.2908816 -76.610759),300.7288952988876
,,"Dayton, OH",,1995385,,,,,,,"Dayton, OH",-84.1916069,39.758947799999994,POINT (39.75894779999999 -84.1916069),688.944254256342
,,"Memphis, TN",,1995386,,,,,,,"Memphis, TN",-90.0516285,35.1490215,POINT (35.1490215 -90.05162850000001),388.37812970929696
,,"Boise, ID",,1995387,,,,,,,"Boise, ID",-116.20088600000001,43.6166163,POINT (43.6166163 -116.200886),609.4647751118706
,,"Albany, NY",,1995388,,,,,,,"Albany, NY",-73.754968,42.6511674,POINT (42.6511674 -73.75496800000001),77.88842971432217
,,"Austin, TX",,1995389,,,,,,,"Austin, TX",-97.7436995,30.2711286,POINT (30.2711286 -97.74369950000001),422.89003086209374
,,"Tallahassee, FL",,1995390,,,,,,,"Tallahassee, FL",-84.2809332,30.4380832,POINT (30.4380832 -84.28093320000001),470.35061941985947
,,"Salt Lake City, UT",,1995391,,,,,,,"Salt Lake City, UT",-111.88679750000001,40.759619799999996,POINT (40.7596198 -111.8867975),2464.0605197641844
,,"Albany, NY",,1995392,,,,,,,"Albany, NY",-73.754968,42.6511674,POINT (42.6511674 -73.75496800000001),190.075619434132
,,"Austin, TX",,1995393,,,,,,,"Austin, TX",-97.7436995,30.2711286,POINT (30.2711286 -97.74369950000001),922.4893047934341
,,"Tallahassee, FL",,1995394,,,,,,,"Tallahassee, FL",-84.2809332,30.4380832,POINT (30.4380832 -84.28093320000001),763.3352719984443
,,"Salt Lake City, UT",,1995395,,,,,,,"Salt Lake City, UT",-111.88679750000001,40.759619799999996,POINT (40.7596198 -111.8867975),2174.3552327491584
,,"Baltimore, MD",,1995396,,,,,,,"Baltimore, MD",-76.610759,39.2908816,POINT (39.2908816 -76.610759),1287.7786043073806
,,"Dayton, OH",,1995397,,,,,,,"Dayton, OH",-84.1916069,39.758947799999994,POINT (39.75894779999999 -84.1916069),369.1700668515368
,,"Memphis, TN",,1995398,,,,,,,"Memphis, TN",-90.0516285,35.1490215,POINT (35.1490215 -90.05162850000001),459.55431551406
,,"Boise, ID",,1995399,,,,,,,"Boise, ID",-116.20088600000001,43.6166163,POINT (43.6166163 -116.200886),324.07015856761564
,,"Landover, MD",,1994400,,,,,,,"Landover, MD",-76.8966397,38.93400020000001,POINT (38.93400020000001 -76.89663969999999),230.8945444363072
,,"Oklahoma City, OK",,1994401,,,,,,,"Oklahoma City, OK",-97.5170536,35.4729886,POINT (35.4729886 -97.5170536),210.8782494311959
,,"Lexington, KY",,1994402,,,,,,,"Lexington, KY",-84.4970393,38.0464066,POINT (38.0464066 -84.4970393),211.49922124098842
,,"Ogden, UT",,1994403,,,,,,,"Ogden, UT",-111.9738429,41.2230048,POINT (41.2230048 -111.9738429),1229.1343935029831
,,"Uniondale, NY",,1994404,,,,,,,"Uniondale, NY",-73.5895167364443,40.7031115,POINT (40.7031115 -73.5895167364443),107.85535924966477
,,"Park City, KS",,1994405,,,,,,,"Park City, KS",-97.3183763,37.8000123,POINT (37.8000123 -97.3183763),1566.7668325434206
,,"St. Petersburg, FL",,1994406,,,,,,,"St. Petersburg, FL",-82.66950849999999,27.770379600000002,POINT (27.7703796 -82.66950849999999),561.4452869059128
,,"Sacramento, CA",,1994407,,,,,,,"Sacramento, CA",-121.49439960000001,38.5815719,POINT (38.5815719 -121.4943996),763.6566622952022
,,"Uniondale, NY",,1994408,,,,,,,"Uniondale, NY",-73.5895167364443,40.7031115,POINT (40.7031115 -73.5895167364443),877.3533733910828
,,"Park City, KS",,1994409,,,,,,,"Park City, KS",-97.3183763,37.8000123,POINT (37.8000123 -97.3183763),890.6929119375216
,,"St. Petersburg, FL",,1994410,,,,,,,"St. Petersburg, FL",-82.66950849999999,27.770379600000002,POINT (27.7703796 -82.66950849999999),647.5802584413993
,,"Sacramento, CA",,1994411,,,,,,,"Sacramento, CA",-121.49439960000001,38.5815719,POINT (38.5815719 -121.4943996),2221.193926783503
,,"Landover, MD",,1994412,,,,,,,"Landover, MD",-76.8966397,38.93400020000001,POINT (38.93400020000001 -76.89663969999999),126.23487250178569
,,"Oklahoma City, OK",,1994413,,,,,,,"Oklahoma City, OK",-97.5170536,35.4729886,POINT (35.4729886 -97.5170536),48.72919648413321
,,"Lexington, KY",,1994414,,,,,,,"Lexington, KY",-84.4970393,38.0464066,POINT (38.0464066 -84.4970393),670.5590678942343
,,"Ogden, UT",,1994415,,,,,,,"Ogden, UT",-111.9738429,41.2230048,POINT (41.2230048 -111.9738429),2230.3590179533608
,,"Winston-Salem, NC",,1993416,,,,,,,"Winston-Salem, NC",-80.2440518,36.0998131,POINT (36.0998131 -80.24405179999999),75.32948312342825
,,"Indianapolis, IN",,1993417,,,,,,,"Indianapolis, IN",-86.1583502,39.7683331,POINT (39.7683331 -86.1583502),42.90609003097396
,,"Nashville, TN",,1993418,,,,,,,"Nashville, TN",-86.7743531,36.1622296,POINT (36.1622296 -86.7743531),182.56022038088824
,,"Tucson, AZ",,1993419,,,,,,,"Tucson, AZ",-110.9748477,32.2228765,POINT (32.2228765 -110.9748477),1806.4308025140795
,,"Syracuse, NY",,1993420,,,,,,,"Syracuse, NY",-76.1474244,43.0481221,POINT (43.0481221 -76.14742440000001),574.2315378171575
,,"Rosemont, IL",,1993421,,,,,,,"Rosemont, IL",-87.87567370000001,41.994133399999996,POINT (41.9941334 -87.87567370000001),495.5116782956256
,,"Orlando, FL",,1993422,,,,,,,"Orlando, FL",-81.3790304,28.5421109,POINT (28.5421109 -81.3790304),878.3649849541766
,,"Salt Lake City, UT",,1993423,,,,,,,"Salt Lake City, UT",-111.88679750000001,40.759619799999996,POINT (40.7596198 -111.8867975),533.2028596268094
,,"Syracuse, NY",,1993424,,,,,,,"Syracuse, NY",-76.1474244,43.0481221,POINT (43.0481221 -76.14742440000001),228.5541713134255
,,"Rosemont, IL",,1993425,,,,,,,"Rosemont, IL",-87.87567370000001,41.994133399999996,POINT (41.9941334 -87.87567370000001),668.5097496203864
,,"Orlando, FL",,1993426,,,,,,,"Orlando, FL",-81.3790304,28.5421109,POINT (28.5421109 -81.3790304),216.44306957531975
,,"Salt Lake City, UT",,1993427,,,,,,,"Salt Lake City, UT",-111.88679750000001,40.759619799999996,POINT (40.7596198 -111.8867975),1585.1542661415551
,,"Winston-Salem, NC",,1993428,,,,,,,"Winston-Salem, NC",-80.2440518,36.0998131,POINT (36.0998131 -80.24405179999999),865.8848138713054
,,"Indianapolis, IN",,1993429,,,,,,,"Indianapolis, IN",-86.1583502,39.7683331,POINT (39.7683331 -86.1583502),99.60114145862228
,,"Nashville, TN",,1993430,,,,,,,"Nashville, TN",-86.7743531,36.1622296,POINT (36.1622296 -86.7743531),453.8222825393826
,,"Tucson, AZ",,1993431,,,,,,,"Tucson, AZ",-110.9748477,32.2228765,POINT (32.2228765 -110.9748477),1654.5278423558207
,,"Greensboro, NC",,1992432,,,,,,,"Greensboro, NC",-79.79197540000001,36.0726355,POINT (36.0726355 -79.79197540000001),52.879952950645645
,,"Dayton, OH",,1992433,,,,,,,"Dayton, OH",-84.1916069,39.758947799999994,POINT (39.75894779999999 -84.1916069),688.944254256342
,,"Cincinnati, OH",,1992434,,,,,,,"Cincinnati, OH",-84.5124602,39.1014537,POINT (39.1014537 -84.51246020000001),107.99396018862072
,,"Tempe, AZ",,1992435,,,,,,,"Tempe, AZ",-111.9400125,33.4255056,POINT (33.4255056 -111.9400125),406.3765336934698
,,"Worcester, MA",,1992436,,,,,,,"Worcester, MA",-71.8022934,42.262593200000005,POINT (42.2625932 -71.8022934),832.198608543914
,,"Milwaukee, WI",,1992437,,,,,,,"Milwaukee, WI",-87.92249699999999,43.0349931,POINT (43.0349931 -87.92249699999999),1968.4813794661102
,,"Atlanta, GA",,1992438,,,,,,,"Atlanta, GA",-84.39018490000001,33.749098700000005,POINT (33.7490987 -84.39018490000001),802.9554183507981
,,"Boise, ID",,1992439,,,,,,,"Boise, ID",-116.20088600000001,43.6166163,POINT (43.6166163 -116.200886),1865.4235997928733
,,"Worcester, MA",,1992440,,,,,,,"Worcester, MA",-71.8022934,42.262593200000005,POINT (42.2625932 -71.8022934),45.87754640991752
,,"Milwaukee, WI",,1992441,,,,,,,"Milwaukee, WI",-87.92249699999999,43.0349931,POINT (43.0349931 -87.92249699999999),581.981961841476
,,"Atlanta, GA",,1992442,,,,,,,"Atlanta, GA",-84.39018490000001,33.749098700000005,POINT (33.7490987 -84.39018490000001),1655.0734957773736
,,"Boise, ID",,1992443,,,,,,,"Boise, ID",-116.20088600000001,43.6166163,POINT (43.6166163 -116.200886),2145.214110345909
,,"Greensboro, NC",,1992444,,,,,,,"Greensboro, NC",-79.79197540000001,36.0726355,POINT (36.0726355 -79.79197540000001),450.59730937372
,,"Dayton, OH",,1992445,,,,,,,"Dayton, OH",-84.1916069,39.758947799999994,POINT (39.75894779999999 -84.1916069),43.873303855944954
,,"Cincinnati, OH",,1992446,,,,,,,"Cincinnati, OH",-84.5124602,39.1014537,POINT (39.1014537 -84.51246020000001),393.4670959593827
,,"Tempe, AZ",,1992447,,,,,,,"Tempe, AZ",-111.9400125,33.4255056,POINT (33.4255056 -111.9400125),907.5224507951344
,,"Syracuse, NY",,1991448,,,,,,,"Syracuse, NY",-76.1474244,43.0481221,POINT (43.0481221 -76.14742440000001),479.14533739148163
,,"Dayton, OH",,1991449,,,,,,,"Dayton, OH",-84.1916069,39.758947799999994,POINT (39.75894779999999 -84.1916069),73.88662537453882
,,"Atlanta, GA",,1991450,,,,,,,"Atlanta, GA",-84.39018490000001,33.749098700000005,POINT (33.7490987 -84.39018490000001),624.9999442179325
,,"Tucson, AZ",,1991451,,,,,,,"Tucson, AZ",-110.9748477,32.2228765,POINT (32.2228765 -110.9748477),354.0466896077853
,,"College Park, MD",,1991452,,,,,,,"College Park, MD",-76.9369189,38.980666,POINT (38.980666 -76.93691889999999),257.0821629975778
,,"Minneapolis, MN",,1991453,,,,,,,"Minneapolis, MN",-93.2654692,44.9772995,POINT (44.9772995 -93.2654692),1050.483423131596
,,"Louisville, KY",,1991454,,,,,,,"Louisville, KY",-85.759407,38.254237599999996,POINT (38.2542376 -85.759407),74.21928248573676
,,"Salt Lake City, UT",,1991455,,,,,,,"Salt Lake City, UT",-111.88679750000001,40.759619799999996,POINT (40.7596198 -111.8867975),533.2028596268094
,,"College Park, MD",,1991456,,,,,,,"College Park, MD",-76.9369189,38.980666,POINT (38.980666 -76.93691889999999),1264.9041149946145
,,"Minneapolis, MN",,1991457,,,,,,,"Minneapolis, MN",-93.2654692,44.9772995,POINT (44.9772995 -93.2654692),335.13057130575254
,,"Louisville, KY",,1991458,,,,,,,"Louisville, KY",-85.759407,38.254237599999996,POINT (38.2542376 -85.759407),591.3245037765539
,,"Salt Lake City, UT",,1991459,,,,,,,"Salt Lake City, UT",-111.88679750000001,40.759619799999996,POINT (40.7596198 -111.8867975),2339.337659704653
,,"Syracuse, NY",,1991460,,,,,,,"Syracuse, NY",-76.1474244,43.0481221,POINT (43.0481221 -76.14742440000001),2687.4687523410166
,,"Dayton, OH",,1991461,,,,,,,"Dayton, OH",-84.1916069,39.758947799999994,POINT (39.75894779999999 -84.1916069),636.8949976980416
,,"Atlanta, GA",,1991462,,,,,,,"Atlanta, GA",-84.39018490000001,33.749098700000005,POINT (33.7490987 -84.39018490000001),198.56707291573588
,,"Tucson, AZ",,1991463,,,,,,,"Tucson, AZ",-110.9748477,32.2228765,POINT (32.2228765 -110.9748477),533.4576414321026
,,"Hartford, CT",,1990464,,,,,,,"Hartford, CT",-72.6908547,41.764582,POINT (41.764582 -72.6908547),27.304459479396826
,,"Austin, TX",,1990465,,,,,,,"Austin, TX",-97.7436995,30.2711286,POINT (30.2711286 -97.74369950000001),306.6417852479163
,,"Knoxville, TN",,1990466,,,,,,,"Knoxville, TN",-83.92102609999999,35.960394799999996,POINT (35.9603948 -83.92102609999999),421.446792993903
,,"Salt Lake City, UT",,1990467,,,,,,,"Salt Lake City, UT",-111.88679750000001,40.759619799999996,POINT (40.7596198 -111.8867975),352.8954102042558
,,"Atlanta, GA",,1990468,,,,,,,"Atlanta, GA",-84.39018490000001,33.749098700000005,POINT (33.7490987 -84.39018490000001),748.441536103567
,,"Indianapolis, IN",,1990469,,,,,,,"Indianapolis, IN",-86.1583502,39.7683331,POINT (39.7683331 -86.1583502),62.96794127768058
,,"Richmond, VA",,1990470,,,,,,,"Richmond, VA",-77.43428,37.53850870000001,POINT (37.53850870000001 -77.43428),351.24767651839784
,,"Long Beach, CA",,1990471,,,,,,,"Long Beach, CA",-53.8155345,47.9960267,POINT (47.9960267 -53.8155345),3685.275857817117
,,"Atlanta, GA",,1990472,,,,,,,"Atlanta, GA",-84.39018490000001,33.749098700000005,POINT (33.7490987 -84.39018490000001),366.2430307338771
,,"Indianapolis, IN",,1990473,,,,,,,"Indianapolis, IN",-86.1583502,39.7683331,POINT (39.7683331 -86.1583502),567.0809582503975
,,"Richmond, VA",,1990474,,,,,,,"Richmond, VA",-77.43428,37.53850870000001,POINT (37.53850870000001 -77.43428),929.8243984387831
,,"Long Beach, CA",,1990475,,,,,,,"Long Beach, CA",-53.8155345,47.9960267,POINT (47.9960267 -53.8155345),1891.4483348163678
,,"Hartford, CT",,1990476,,,,,,,"Hartford, CT",-72.6908547,41.764582,POINT (41.764582 -72.6908547),186.96934806359553
,,"Austin, TX",,1990477,,,,,,,"Austin, TX",-97.7436995,30.2711286,POINT (30.2711286 -97.74369950000001),422.89003086209374
,,"Knoxville, TN",,1990478,,,,,,,"Knoxville, TN",-83.92102609999999,35.960394799999996,POINT (35.9603948 -83.92102609999999),138.96896229499225
,,"Salt Lake City, UT",,1990479,,,,,,,"Salt Lake City, UT",-111.88679750000001,40.759619799999996,POINT (40.7596198 -111.8867975),1631.6337592630744
,,"Providence, RI",,1989480,,,,,,,"Providence, RI",-71.4128343,41.8239891,POINT (41.8239891 -71.4128343),395.78085663333746
,,"Indianapolis, IN",,1989481,,,,,,,"Indianapolis, IN",-86.1583502,39.7683331,POINT (39.7683331 -86.1583502),130.09306175133221
,,"Nashville, TN",,1989482,,,,,,,"Nashville, TN",-86.7743531,36.1622296,POINT (36.1622296 -86.7743531),665.9422152291221
,,"Boise, ID",,1989483,,,,,,,"Boise, ID",-116.20088600000001,43.6166163,POINT (43.6166163 -116.200886),778.6756782476002
,,"Greensboro, NC",,1989484,,,,,,,"Greensboro, NC",-79.79197540000001,36.0726355,POINT (36.0726355 -79.79197540000001),52.879952950645645
,,"Dallas, TX",,1989485,,,,,,,"Dallas, TX",-96.7968559,32.7762719,POINT (32.7762719 -96.7968559),1433.899568283371
,,"Atlanta, GA",,1989486,,,,,,,"Atlanta, GA",-84.39018490000001,33.749098700000005,POINT (33.7490987 -84.39018490000001),358.05126932982415
,,"Tucson, AZ",,1989487,,,,,,,"Tucson, AZ",-110.9748477,32.2228765,POINT (32.2228765 -110.9748477),1580.3777799936038
,,"Greensboro, NC",,1989488,,,,,,,"Greensboro, NC",-79.79197540000001,36.0726355,POINT (36.0726355 -79.79197540000001),2635.1252283427148
,,"Dallas, TX",,1989489,,,,,,,"Dallas, TX",-96.7968559,32.7762719,POINT (32.7762719 -96.7968559),472.9266519087819
,,"Atlanta, GA",,1989490,,,,,,,"Atlanta, GA",-84.39018490000001,33.749098700000005,POINT (33.7490987 -84.39018490000001),532.762012030505
,,"Tucson, AZ",,1989491,,,,,,,"Tucson, AZ",-110.9748477,32.2228765,POINT (32.2228765 -110.9748477),2343.2796407123346
,,"Providence, RI",,1989492,,,,,,,"Providence, RI",-71.4128343,41.8239891,POINT (41.8239891 -71.4128343),1253.0126253958592
,,"Indianapolis, IN",,1989493,,,,,,,"Indianapolis, IN",-86.1583502,39.7683331,POINT (39.7683331 -86.1583502),99.60114145862228
,,"Nashville, TN",,1989494,,,,,,,"Nashville, TN",-86.7743531,36.1622296,POINT (36.1622296 -86.7743531),387.39107965583554
,,"Boise, ID",,1989495,,,,,,,"Boise, ID",-116.20088600000001,43.6166163,POINT (43.6166163 -116.200886),471.33449728413706
,,"Hartford, CT",,1988496,,,,,,,"Hartford, CT",-72.6908547,41.764582,POINT (41.764582 -72.6908547),189.11326641368794
,,"South Bend, IN",,1988497,,,,,,,"South Bend, IN",-86.2500066,41.68338129999999,POINT (41.68338129999999 -86.25000660000001),88.3368442961057
,,"Atlanta, GA",,1988498,,,,,,,"Atlanta, GA",-84.39018490000001,33.749098700000005,POINT (33.7490987 -84.39018490000001),816.373836174887
,,"Los Angeles, CA",,1988499,,,,,,,"Los Angeles, CA",-118.2427666,34.0536909,POINT (34.0536909 -118.2427666),465.6030460047352
,,"Chapel Hill, NC",,1988500,,,,,,,"Chapel Hill, NC",-79.05578,35.9131542,POINT (35.9131542 -79.05578),8.792190219847676
,,"Lincoln, NE",,1988501,,,,,,,"Lincoln, NE",-96.70777509999999,40.8088861,POINT (40.8088861 -96.70777509999999),1040.976187722747
,,"Cincinnati, OH",,1988502,,,,,,,"Cincinnati, OH",-84.5124602,39.1014537,POINT (39.1014537 -84.51246020000001),66.77719798460745
,,"Salt Lake City, UT",,1988503,,,,,,,"Salt Lake City, UT",-111.88679750000001,40.759619799999996,POINT (40.7596198 -111.8867975),2063.1405047239446
,,"Chapel Hill, NC",,1988504,,,,,,,"Chapel Hill, NC",-79.05578,35.9131542,POINT (35.9131542 -79.05578),478.6333000091104
,,"Lincoln, NE",,1988505,,,,,,,"Lincoln, NE",-96.70777509999999,40.8088861,POINT (40.8088861 -96.70777509999999),1163.699962389538
,,"Cincinnati, OH",,1988506,,,,,,,"Cincinnati, OH",-84.5124602,39.1014537,POINT (39.1014537 -84.51246020000001),238.98540437837127
,,"Salt Lake City, UT",,1988507,,,,,,,"Salt Lake City, UT",-111.88679750000001,40.759619799999996,POINT (40.7596198 -111.8867975),1753.792232871301
,,"Hartford, CT",,1988508,,,,,,,"Hartford, CT",-72.6908547,41.764582,POINT (41.764582 -72.6908547),874.1616581804399
,,"South Bend, IN",,1988509,,,,,,,"South Bend, IN",-86.2500066,41.68338129999999,POINT (41.68338129999999 -86.25000660000001),660.6892637988565
,,"Atlanta, GA",,1988510,,,,,,,"Atlanta, GA",-84.39018490000001,33.749098700000005,POINT (33.7490987 -84.39018490000001),1741.7720755026721
,,"Los Angeles, CA",,1988511,,,,,,,"Los Angeles, CA",-118.2427666,34.0536909,POINT (34.0536909 -118.2427666),231.15031778132573
,,"Charlotte, NC",,1987512,,,,,,,"Charlotte, NC",-80.8431268,35.2270869,POINT (35.2270869 -80.84312679999999),119.27341381584134
,,"Indianapolis, IN",,1987513,,,,,,,"Indianapolis, IN",-86.1583502,39.7683331,POINT (39.7683331 -86.1583502),42.90609003097396
,,"Atlanta, GA",,1987514,,,,,,,"Atlanta, GA",-84.39018490000001,33.749098700000005,POINT (33.7490987 -84.39018490000001),556.3833680945888
,,"Salt Lake City, UT",,1987515,,,,,,,"Salt Lake City, UT",-111.88679750000001,40.759619799999996,POINT (40.7596198 -111.8867975),352.8954102042558
,,"Syracuse, NY",,1987516,,,,,,,"Syracuse, NY",-76.1474244,43.0481221,POINT (43.0481221 -76.14742440000001),1.0685466945199706
,,"Rosemont, IL",,1987517,,,,,,,"Rosemont, IL",-87.87567370000001,41.994133399999996,POINT (41.9941334 -87.87567370000001),800.3535319855133
,,"Birmingham, AL",,1987518,,,,,,,"Birmingham, AL",-86.80243259999999,33.5206824,POINT (33.5206824 -86.80243259999999),49.67209510589464
,,"Tucson, AZ",,1987519,,,,,,,"Tucson, AZ",-110.9748477,32.2228765,POINT (32.2228765 -110.9748477),1341.0598744066467
,,"Syracuse, NY",,1987520,,,,,,,"Syracuse, NY",-76.1474244,43.0481221,POINT (43.0481221 -76.14742440000001),689.2168060222918
,,"Rosemont, IL",,1987521,,,,,,,"Rosemont, IL",-87.87567370000001,41.994133399999996,POINT (41.9941334 -87.87567370000001),14.406784365257337
,,"Birmingham, AL",,1987522,,,,,,,"Birmingham, AL",-86.80243259999999,33.5206824,POINT (33.5206824 -86.80243259999999),418.747535718078
,,"Tucson, AZ",,1987523,,,,,,,"Tucson, AZ",-110.9748477,32.2228765,POINT (32.2228765 -110.9748477),1994.010089352764
,,"Charlotte, NC",,1987524,,,,,,,"Charlotte, NC",-80.8431268,35.2270869,POINT (35.2270869 -80.84312679999999),1038.4740430344882
,,"Indianapolis, IN",,1987525,,,,,,,"Indianapolis, IN",-86.1583502,39.7683331,POINT (39.7683331 -86.1583502),387.02131927452285
,,"Atlanta, GA",,1987526,,,,,,,"Atlanta, GA",-84.39018490000001,33.749098700000005,POINT (33.7490987 -84.39018490000001),112.15839023925393
,,"Salt Lake City, UT",,1987527,,,,,,,"Salt Lake City, UT",-111.88679750000001,40.759619799999996,POINT (40.7596198 -111.8867975),582.2610231304475
,,"Greensboro, NC",,1986528,,,,,,,"Greensboro, NC",-79.79197540000001,36.0726355,POINT (36.0726355 -79.79197540000001),52.879952950645645
,,"Dayton, OH",,1986529,,,,,,,"Dayton, OH",-84.1916069,39.758947799999994,POINT (39.75894779999999 -84.1916069),688.944254256342
,,"Charlotte, NC",,1986530,,,,,,,"Charlotte, NC",-80.8431268,35.2270869,POINT (35.2270869 -80.84312679999999),286.48376511349585
,,"Long Beach, CA",,1986531,,,,,,,"Long Beach, CA",-53.8155345,47.9960267,POINT (47.9960267 -53.8155345),1332.6993634091086
,,"Syracuse, NY",,1986532,,,,,,,"Syracuse, NY",-76.1474244,43.0481221,POINT (43.0481221 -76.14742440000001),1.0685466945199706
,,"Minneapolis, MN",,1986533,,,,,,,"Minneapolis, MN",-93.2654692,44.9772995,POINT (44.9772995 -93.2654692),616.8414108738099
,,"Baton Rouge, LA",,1986534,,,,,,,"Baton Rouge, LA",-91.18738,30.445959600000002,POINT (30.4459596 -91.18738),469.9394721898469
,,"Ogden, UT",,1986535,,,,,,,"Ogden, UT",-111.9738429,41.2230048,POINT (41.2230048 -111.9738429),1640.0491871392126
,,"Syracuse, NY",,1986536,,,,,,,"Syracuse, NY",-76.1474244,43.0481221,POINT (43.0481221 -76.14742440000001),687.8513187513048
,,"Minneapolis, MN",,1986537,,,,,,,"Minneapolis, MN",-93.2654692,44.9772995,POINT (44.9772995 -93.2654692),481.7879143468863
,,"Baton Rouge, LA",,1986538,,,,,,,"Baton Rouge, LA",-91.18738,30.445959600000002,POINT (30.4459596 -91.18738),300.6411988898921
,,"Ogden, UT",,1986539,,,,,,,"Ogden, UT",-111.9738429,41.2230048,POINT (41.2230048 -111.9738429),2072.888978094457
,,"Greensboro, NC",,1986540,,,,,,,"Greensboro, NC",-79.79197540000001,36.0726355,POINT (36.0726355 -79.79197540000001),1098.5385783663812
,,"Dayton, OH",,1986541,,,,,,,"Dayton, OH",-84.1916069,39.758947799999994,POINT (39.75894779999999 -84.1916069),445.46967807826894
,,"Charlotte, NC",,1986542,,,,,,,"Charlotte, NC",-80.8431268,35.2270869,POINT (35.2270869 -80.84312679999999),549.9092577853012
,,"Long Beach, CA",,1986543,,,,,,,"Long Beach, CA",-53.8155345,47.9960267,POINT (47.9960267 -53.8155345),3882.4159052358573
,,"Hartford, CT",,1985544,,,,,,,"Hartford, CT",-72.6908547,41.764582,POINT (41.764582 -72.6908547),325.1585337512329
,,"Tulsa, OK",,1985545,,,,,,,"Tulsa, OK",-95.9929113,36.1556805,POINT (36.1556805 -95.9929113),108.21363651840421
,,"Dayton, OH",,1985546,,,,,,,"Dayton, OH",-84.1916069,39.758947799999994,POINT (39.75894779999999 -84.1916069),160.3851767286751
,,"Salt Lake City, UT",,1985547,,,,,,,"Salt Lake City, UT",-111.88679750000001,40.759619799999996,POINT (40.7596198 -111.8867975),2355.2974840870443
,,"Atlanta, GA",,1985548,,,,,,,"Atlanta, GA",-84.39018490000001,33.749098700000005,POINT (33.7490987 -84.39018490000001),1.7582987037959068
,,"Houston, TX",,1985549,,,,,,,"Houston, TX",-95.36769740000001,29.7589382,POINT (29.7589382 -95.36769740000001),474.2189635563387
,,"South Bend, IN",,1985550,,,,,,,"South Bend, IN",-86.2500066,41.68338129999999,POINT (41.68338129999999 -86.25000660000001),573.8799329506094
,,"Albuquerque, NM",,1985551,,,,,,,"Albuquerque, NM",-106.6509851,35.0841034,POINT (35.0841034 -106.6509851),1821.113346351128
,,"Atlanta, GA",,1985552,,,,,,,"Atlanta, GA",-84.39018490000001,33.749098700000005,POINT (33.7490987 -84.39018490000001),461.4088767218104
,,"Houston, TX",,1985553,,,,,,,"Houston, TX",-95.36769740000001,29.7589382,POINT (29.7589382 -95.36769740000001),1091.94401665046
,,"South Bend, IN",,1985554,,,,,,,"South Bend, IN",-86.2500066,41.68338129999999,POINT (41.68338129999999 -86.25000660000001),584.3023179184753
,,"Albuquerque, NM",,1985555,,,,,,,"Albuquerque, NM",-106.6509851,35.0841034,POINT (35.0841034 -106.6509851),1739.3008191971464
,,"Hartford, CT",,1985556,,,,,,,"Hartford, CT",-72.6908547,41.764582,POINT (41.764582 -72.6908547),930.9292585161957
,,"Tulsa, OK",,1985557,,,,,,,"Tulsa, OK",-95.9929113,36.1556805,POINT (36.1556805 -95.9929113),840.5126154383106
,,"Dayton, OH",,1985558,,,,,,,"Dayton, OH",-84.1916069,39.758947799999994,POINT (39.75894779999999 -84.1916069),725.868192332214
,,"Salt Lake City, UT",,1985559,,,,,,,"Salt Lake City, UT",-111.88679750000001,40.759619799999996,POINT (40.7596198 -111.8867975),352.8954102042558
